{"cHL_2_MIBI": [0.047058823529411764, 0.44313725490196076, 1.0], "IMMUcan": [0.792156862745098, 0.1568627450980392, 0.0]}