{"Supervised": [0.9677975592919913, 0.44127456009157356, 0.5358103155058701], "Unsupervised": [0.6804189127793346, 0.6151497514677574, 0.19405452111445337], "Prior-Knowledge-driven": [0.20125317221201128, 0.6907920815379025, 0.47966761189275336], "Pre-trained Models": [0.2197995660828324, 0.6625157876850336, 0.7732093159317209], "Baselines": [0.8004936186423958, 0.47703363533737203, 0.9579547196007522]}